{
    "Bots": {},
    "Lv": true,
    "Picture": false,
    "Respontag": "",
    "Wc": false,
    "admin": {},
    "atjointicket": false,
    "autoCancel": {
        "members": 1,
        "on": true
    },
    "autoJoin": true,
    "autoJoinTicket": false,
    "autoLeave": true,
    "autoRead": false,
    "blacklist": {},
    "bye": "",
    "cName": "",
    "cNames": "",
    "changePicture": false,
    "checkContact": false,
    "checkSticker": false,
    "clock": false,
    "comment": "Like like",
    "commentBlack": {},
    "contact": false,
    "dblack": false,
    "dblacklist": false,
    "detectMention": false,
    "foto": {},
    "group": {},
    "groupPicture": false,
    "invite": {},
    "lang": "JP",
    "leaveRoom": false,
    "limit": 1,
    "mention": "",
    "message": "nuhun tos di add",
    "mimic": {
        "copy": false,
        "status": false,
        "target": {}
    },
    "owner": {},
    "pname": {},
    "pnharfbot": {},
    "potoMention": false,
    "pro_name": {},
    "sider": {},
    "staff": {},
    "tag2": true,
    "userAgent": [
        "Mozilla/5.0 (X11; U; Linux i586; de; rv:5.0) Gecko/20100101 Firefox/5.0",
        "Mozilla/5.0 (X11; U; Linux amd64; rv:5.0) Gecko/20100101 Firefox/5.0 (Debian)",
        "Mozilla/5.0 (X11; U; Linux amd64; en-US; rv:5.0) Gecko/20110619 Firefox/5.0",
        "Mozilla/5.0 (X11; Linux) Gecko Firefox/5.0",
        "Mozilla/5.0 (X11; Linux x86_64; rv:5.0) Gecko/20100101 Firefox/5.0 FirePHP/0.5",
        "Mozilla/5.0 (X11; Linux x86_64; rv:5.0) Gecko/20100101 Firefox/5.0 Firefox/5.0",
        "Mozilla/5.0 (X11; Linux x86_64) Gecko Firefox/5.0",
        "Mozilla/5.0 (X11; Linux ppc; rv:5.0) Gecko/20100101 Firefox/5.0",
        "Mozilla/5.0 (X11; Linux AMD64) Gecko Firefox/5.0",
        "Mozilla/5.0 (X11; FreeBSD amd64; rv:5.0) Gecko/20100101 Firefox/5.0",
        "Mozilla/5.0 (Windows NT 6.2; WOW64; rv:5.0) Gecko/20100101 Firefox/5.0",
        "Mozilla/5.0 (Windows NT 6.1; Win64; x64; rv:5.0) Gecko/20110619 Firefox/5.0",
        "Mozilla/5.0 (Windows NT 6.1; Win64; x64; rv:5.0) Gecko/20100101 Firefox/5.0",
        "Mozilla/5.0 (Windows NT 6.1; rv:6.0) Gecko/20100101 Firefox/5.0",
        "Mozilla/5.0 (Windows NT 6.1.1; rv:5.0) Gecko/20100101 Firefox/5.0",
        "Mozilla/5.0 (Windows NT 5.2; WOW64; rv:5.0) Gecko/20100101 Firefox/5.0",
        "Mozilla/5.0 (Windows NT 5.1; U; rv:5.0) Gecko/20100101 Firefox/5.0",
        "Mozilla/5.0 (Windows NT 5.1; rv:2.0.1) Gecko/20100101 Firefox/5.0",
        "Mozilla/5.0 (Windows NT 5.0; WOW64; rv:5.0) Gecko/20100101 Firefox/5.0",
        "Mozilla/5.0 (Windows NT 5.0; rv:5.0) Gecko/20100101 Firefox/5.0"
    ],
    "wblack": false,
    "wblacklist": false,
    "welcome": "",
    "whitelist": {},
    "winvite": {}
}
